Datum von;Datum bis;Biomasse [MWh] Berechnete Auflösungen;Wasserkraft [MWh] Berechnete Auflösungen;Wind Offshore [MWh] Berechnete Auflösungen;Wind Onshore [MWh] Berechnete Auflösungen;Photovoltaik [MWh] Berechnete Auflösungen;Sonstige Erneuerbare [MWh] Berechnete Auflösungen;Kernenergie [MWh] Berechnete Auflösungen;Braunkohle [MWh] Berechnete Auflösungen;Steinkohle [MWh] Berechnete Auflösungen;Erdgas [MWh] Berechnete Auflösungen;Pumpspeicher [MWh] Berechnete Auflösungen;Sonstige Konventionelle [MWh] Berechnete Auflösungen
21.06.2025 00:00;21.06.2025 01:00;3.899,75;2.124,25;312,75;5.444,50;0,00;93,00;-;6.404,50;5.311,25;4.944,50;2.637,25;1.461,50
21.06.2025 01:00;21.06.2025 02:00;3.926,75;2.034,00;347,25;5.489,50;0,00;106,00;-;6.397,00;5.198,25;4.322,75;1.464,75;1.442,75
21.06.2025 02:00;21.06.2025 03:00;3.939,00;2.336,00;382,75;5.232,75;0,00;106,00;-;6.411,00;4.876,00;3.888,75;1.359,00;1.422,00
21.06.2025 03:00;21.06.2025 04:00;3.937,50;1.963,25;405,50;5.019,75;0,00;106,00;-;6.419,25;4.391,00;3.280,50;370,50;1.420,75
21.06.2025 04:00;21.06.2025 05:00;3.923,50;1.899,00;455,75;4.872,25;9,75;106,00;-;6.417,75;4.404,25;3.195,50;379,25;1.445,75
21.06.2025 05:00;21.06.2025 06:00;3.908,50;1.836,00;604,75;5.144,25;811,50;106,00;-;6.453,00;3.797,25;3.089,25;155,75;1.449,75
21.06.2025 06:00;21.06.2025 07:00;3.928,75;1.897,00;634,75;5.060,25;4.760,25;106,00;-;6.310,75;2.948,50;2.704,25;416,00;1.440,25
21.06.2025 07:00;21.06.2025 08:00;3.912,75;1.879,50;649,75;4.333,75;12.889,50;106,00;-;5.306,25;1.549,75;2.472,00;482,00;1.433,25
21.06.2025 08:00;21.06.2025 09:00;3.871,25;1.864,75;672,25;2.438,00;23.920,25;106,00;-;3.021,25;860,75;2.222,25;282,75;1.417,75
21.06.2025 09:00;21.06.2025 10:00;3.846,50;1.753,75;313,50;1.264,00;34.104,50;106,00;-;2.913,75;803,50;1.681,75;107,00;1.380,25
21.06.2025 10:00;21.06.2025 11:00;3.809,00;1.783,25;333,25;874,00;40.409,50;106,00;-;2.561,75;779,25;1.701,50;131,75;1.385,25
21.06.2025 11:00;21.06.2025 12:00;3.819,00;1.755,25;471,50;683,75;42.241,00;96,75;-;2.307,75;764,50;1.589,75;99,50;1.392,00
21.06.2025 12:00;21.06.2025 13:00;3.827,75;1.766,00;301,00;711,50;42.567,00;106,00;-;2.275,00;756,00;1.557,00;64,75;1.365,25
21.06.2025 13:00;21.06.2025 14:00;3.836,75;1.681,25;501,50;719,00;43.964,25;106,00;-;2.276,50;675,25;1.561,00;158,50;1.348,50
21.06.2025 14:00;21.06.2025 15:00;3.814,00;1.697,50;565,00;731,00;43.980,50;106,00;-;2.278,25;708,75;1.509,50;111,00;1.390,00
21.06.2025 15:00;21.06.2025 16:00;3.801,00;1.859,25;641,50;846,25;41.563,75;106,00;-;2.299,50;686,25;1.486,00;147,75;1.393,50
21.06.2025 16:00;21.06.2025 17:00;3.804,00;1.978,00;1.072,75;920,25;37.858,50;106,00;-;2.674,75;690,00;1.469,50;158,25;1.384,50
21.06.2025 17:00;21.06.2025 18:00;3.808,75;1.984,25;1.166,50;990,25;29.602,75;106,00;-;3.084,75;1.226,00;1.584,00;182,00;1.381,25
21.06.2025 18:00;21.06.2025 19:00;3.849,00;1.987,75;1.152,25;1.021,00;18.830,50;106,00;-;4.954,25;2.306,25;2.251,00;1.126,25;1.394,75
21.06.2025 19:00;21.06.2025 20:00;3.896,25;2.353,00;1.002,25;962,50;8.688,25;106,00;-;5.906,00;3.518,00;4.319,00;4.226,50;1.404,25
21.06.2025 20:00;21.06.2025 21:00;3.928,75;2.423,75;790,75;1.196,50;2.882,25;106,00;-;5.975,25;3.810,50;5.028,50;5.091,25;1.404,25
21.06.2025 21:00;21.06.2025 22:00;3.941,75;2.393,50;773,75;1.889,50;264,00;106,00;-;5.999,75;3.970,25;5.176,25;5.113,25;1.416,50
21.06.2025 22:00;21.06.2025 23:00;3.927,50;2.311,50;895,25;2.520,00;3,25;106,00;-;6.051,75;3.849,75;4.806,75;4.901,25;1.407,50
21.06.2025 23:00;22.06.2025 00:00;3.922,50;2.210,75;1.311,75;3.712,00;0,00;106,00;-;6.066,00;3.680,25;4.636,25;3.898,50;1.399,75
22.06.2025 00:00;22.06.2025 01:00;3.924,25;2.079,00;1.877,00;5.044,00;0,00;104,00;-;6.068,25;3.487,75;3.624,00;3.421,50;1.437,25
22.06.2025 01:00;22.06.2025 02:00;3.934,25;1.842,75;2.301,50;6.389,00;0,00;104,00;-;5.987,75;3.127,50;3.024,00;2.201,50;1.385,00
22.06.2025 02:00;22.06.2025 03:00;3.947,25;1.924,75;2.493,00;8.033,00;0,00;104,00;-;5.898,50;2.351,50;2.985,75;1.619,50;1.380,50
22.06.2025 03:00;22.06.2025 04:00;3.943,75;1.889,25;2.518,25;9.336,00;0,00;104,00;-;4.966,75;1.174,50;2.678,00;745,50;1.385,25
22.06.2025 04:00;22.06.2025 05:00;3.921,50;1.943,75;2.596,50;9.613,00;9,75;104,00;-;4.611,00;833,75;2.348,25;458,75;1.348,00
22.06.2025 05:00;22.06.2025 06:00;3.893,25;1.790,75;2.572,50;9.758,50;763,25;104,00;-;3.859,00;526,75;2.252,00;162,50;1.363,75
22.06.2025 06:00;22.06.2025 07:00;3.899,50;1.843,50;2.074,50;9.601,25;4.591,25;104,00;-;3.145,25;542,75;2.160,75;337,50;1.379,75
22.06.2025 07:00;22.06.2025 08:00;3.886,00;1.756,50;1.904,75;8.413,25;12.697,75;104,00;-;2.552,50;538,50;2.052,75;114,25;1.382,75
22.06.2025 08:00;22.06.2025 09:00;3.842,50;1.796,75;1.981,75;4.998,00;23.354,75;104,00;-;2.533,00;543,25;1.955,50;107,00;1.375,00
22.06.2025 09:00;22.06.2025 10:00;3.808,25;1.725,50;816,75;2.446,25;31.461,00;104,00;-;2.529,75;542,25;1.568,50;111,25;1.378,50
22.06.2025 10:00;22.06.2025 11:00;3.818,75;1.606,75;734,75;2.250,25;36.915,00;100,00;-;2.411,75;545,25;1.468,75;44,50;1.381,00
22.06.2025 11:00;22.06.2025 12:00;3.813,75;1.316,25;433,75;2.685,75;41.089,75;100,00;-;2.200,50;549,00;1.459,00;1,25;1.380,00
22.06.2025 12:00;22.06.2025 13:00;3.792,25;1.246,75;818,25;3.060,25;43.180,50;98,75;-;2.196,75;548,50;1.447,50;8,50;1.391,00
22.06.2025 13:00;22.06.2025 14:00;3.793,50;1.245,50;743,75;3.232,00;42.886,50;100,75;-;2.188,50;524,50;1.458,75;10,75;1.380,50
22.06.2025 14:00;22.06.2025 15:00;3.747,25;1.265,75;865,25;3.514,00;40.832,75;101,50;-;2.186,00;505,00;1.467,75;16,25;1.367,75
22.06.2025 15:00;22.06.2025 16:00;3.717,50;1.216,25;1.206,75;4.497,00;36.464,75;95,75;-;2.235,25;509,50;1.490,50;6,25;1.342,75
22.06.2025 16:00;22.06.2025 17:00;3.692,75;1.622,25;1.835,75;5.808,75;30.468,50;91,75;-;2.583,50;702,50;1.492,75;104,25;1.362,50
22.06.2025 17:00;22.06.2025 18:00;3.700,50;1.767,00;3.192,75;7.349,25;23.144,00;90,00;-;2.518,00;775,75;1.498,25;162,00;1.387,75
22.06.2025 18:00;22.06.2025 19:00;3.735,25;1.820,50;6.003,25;8.833,50;15.011,25;86,00;-;3.297,75;733,00;1.662,75;796,00;1.393,75
22.06.2025 19:00;22.06.2025 20:00;3.775,50;1.940,00;4.780,75;9.274,75;7.168,25;86,00;-;5.218,00;801,50;2.288,50;4.145,50;1.394,50
22.06.2025 20:00;22.06.2025 21:00;3.820,25;2.151,25;3.782,50;10.434,75;2.370,25;86,00;-;5.441,00;840,50;3.323,75;5.179,25;1.400,00
22.06.2025 21:00;22.06.2025 22:00;3.840,75;1.919,75;3.871,50;11.073,75;174,00;86,00;-;5.449,75;817,25;3.393,50;4.656,25;1.402,25
22.06.2025 22:00;22.06.2025 23:00;3.839,25;2.182,75;3.586,25;11.865,75;2,50;86,00;-;5.446,25;772,50;3.475,75;4.894,75;1.371,50
22.06.2025 23:00;23.06.2025 00:00;3.859,75;2.028,75;4.249,00;14.540,25;0,00;93,25;-;5.439,25;672,50;3.470,25;3.576,75;1.386,25
23.06.2025 00:00;23.06.2025 01:00;3.874,00;1.779,50;4.744,50;15.358,00;0,00;105,00;-;4.639,00;689,00;3.404,25;1.348,25;1.434,00
23.06.2025 01:00;23.06.2025 02:00;3.875,75;1.682,50;4.724,25;15.815,00;0,00;98,00;-;3.433,50;715,00;3.302,50;695,50;1.427,00
23.06.2025 02:00;23.06.2025 03:00;3.876,50;1.784,00;5.468,00;16.186,00;0,00;98,00;-;3.475,75;997,25;3.151,00;93,00;1.421,75
23.06.2025 03:00;23.06.2025 04:00;3.850,75;1.693,50;5.430,00;16.740,75;0,00;98,00;-;2.814,00;1.029,75;3.119,75;66,75;1.431,50
23.06.2025 04:00;23.06.2025 05:00;3.827,50;1.739,75;4.493,50;17.679,50;6,50;98,00;-;2.846,00;941,00;3.074,50;453,25;1.422,50
23.06.2025 05:00;23.06.2025 06:00;3.832,50;1.781,75;4.524,50;18.296,00;617,75;99,00;-;3.050,25;922,25;3.263,75;793,50;1.417,50
23.06.2025 06:00;23.06.2025 07:00;3.854,25;1.829,50;4.173,50;18.753,50;3.333,75;102,00;-;4.445,50;1.532,00;3.762,75;2.201,00;1.418,25
23.06.2025 07:00;23.06.2025 08:00;3.856,25;2.098,25;5.071,75;17.741,50;8.485,25;102,00;-;4.713,00;1.730,50;3.640,75;1.944,00;1.418,00
23.06.2025 08:00;23.06.2025 09:00;3.841,75;1.972,75;5.057,00;20.132,50;16.268,50;102,00;-;3.800,50;1.805,50;3.051,00;565,00;1.414,75
23.06.2025 09:00;23.06.2025 10:00;3.845,00;1.764,50;4.338,75;24.462,25;24.216,50;102,00;-;2.815,75;1.810,00;2.065,75;159,75;1.413,50
23.06.2025 10:00;23.06.2025 11:00;3.832,75;1.865,25;1.796,25;26.552,25;28.905,50;100,00;-;2.641,25;1.416,00;1.952,50;130,00;1.405,25
23.06.2025 11:00;23.06.2025 12:00;3.834,25;1.885,75;1.906,00;28.390,25;31.058,25;94,00;-;2.620,50;1.407,25;1.853,50;128,50;1.367,75
23.06.2025 12:00;23.06.2025 13:00;3.820,00;1.755,50;2.276,50;30.316,75;30.936,00;94,00;-;2.527,50;1.399,75;1.920,00;17,75;1.360,50
23.06.2025 13:00;23.06.2025 14:00;3.816,75;1.715,50;1.608,50;30.516,00;30.126,75;94,00;-;2.526,25;1.536,50;1.994,25;41,50;1.350,50
23.06.2025 14:00;23.06.2025 15:00;3.771,50;1.583,25;919,00;29.979,50;28.264,25;94,00;-;2.525,25;1.690,75;2.081,75;55,25;1.337,00
23.06.2025 15:00;23.06.2025 16:00;3.741,25;1.522,50;682,50;31.763,50;26.245,25;91,00;-;2.520,75;2.113,50;2.267,00;43,50;1.337,75
23.06.2025 16:00;23.06.2025 17:00;3.722,00;1.675,75;627,75;33.271,25;24.116,25;91,00;-;2.476,50;2.486,00;2.474,25;107,00;1.395,75
23.06.2025 17:00;23.06.2025 18:00;3.717,75;1.708,25;946,75;34.375,00;19.559,50;91,00;-;2.499,00;2.681,50;2.590,50;80,25;1.410,75
23.06.2025 18:00;23.06.2025 19:00;3.798,25;1.734,75;821,50;36.823,50;13.805,75;91,75;-;2.748,75;3.393,00;3.229,75;167,00;1.410,50
23.06.2025 19:00;23.06.2025 20:00;3.857,50;1.831,50;2.143,50;35.855,25;7.590,25;94,00;-;3.452,00;3.825,75;4.509,50;445,50;1.419,50
23.06.2025 20:00;23.06.2025 21:00;3.891,75;1.739,25;3.148,00;30.820,75;2.722,25;94,00;-;3.758,00;3.876,50;4.590,25;1.875,75;1.418,25
23.06.2025 21:00;23.06.2025 22:00;3.919,25;2.046,25;3.401,50;26.054,75;242,50;94,00;-;4.678,50;3.870,75;5.538,75;3.672,50;1.421,75
23.06.2025 22:00;23.06.2025 23:00;3.917,75;1.923,25;4.133,75;21.740,00;2,25;94,00;-;4.712,50;3.540,50;5.503,25;4.022,50;1.416,25
23.06.2025 23:00;24.06.2025 00:00;3.901,25;1.715,75;3.944,50;21.629,50;0,00;94,00;-;4.640,25;3.389,25;5.327,50;3.233,25;1.407,00
24.06.2025 00:00;24.06.2025 01:00;3.883,00;1.660,25;4.543,25;20.958,00;0,00;96,00;-;4.212,50;3.126,75;4.495,00;1.081,75;1.430,25
24.06.2025 01:00;24.06.2025 02:00;3.879,00;1.614,75;5.386,75;20.809,25;0,00;93,00;-;3.527,25;2.420,00;4.138,75;521,75;1.413,50
24.06.2025 02:00;24.06.2025 03:00;3.874,00;1.605,75;5.292,75;21.011,75;0,00;92,00;-;3.204,75;2.143,25;3.788,50;122,00;1.419,75
24.06.2025 03:00;24.06.2025 04:00;3.871,50;1.654,75;5.504,25;21.419,25;0,00;92,00;-;3.188,25;1.914,25;3.786,25;78,50;1.416,75
24.06.2025 04:00;24.06.2025 05:00;3.878,00;1.593,50;5.708,75;22.254,75;7,50;92,00;-;3.288,00;1.679,50;3.887,50;43,00;1.433,25
24.06.2025 05:00;24.06.2025 06:00;3.882,50;1.711,25;5.556,50;22.647,25;659,50;92,00;-;3.282,50;1.942,50;4.064,25;367,25;1.424,25
24.06.2025 06:00;24.06.2025 07:00;3.890,25;1.852,50;4.954,25;22.686,00;4.044,50;92,00;-;4.002,25;2.410,25;4.116,25;1.176,75;1.415,50
24.06.2025 07:00;24.06.2025 08:00;3.881,75;1.793,25;3.769,00;21.494,50;10.844,25;91,25;-;4.393,75;2.864,00;4.591,75;1.423,00;1.415,25
24.06.2025 08:00;24.06.2025 09:00;3.838,25;1.824,25;2.838,75;21.343,25;19.574,25;91,00;-;4.324,50;2.448,75;4.133,25;1.312,75;1.402,50
24.06.2025 09:00;24.06.2025 10:00;3.825,50;1.736,25;2.825,25;23.509,00;27.445,50;91,00;-;3.129,25;1.764,75;3.208,75;198,75;1.408,50
24.06.2025 10:00;24.06.2025 11:00;3.791,25;1.798,25;2.017,25;23.308,50;32.807,00;91,00;-;2.777,75;1.430,00;1.957,75;245,50;1.414,00
24.06.2025 11:00;24.06.2025 12:00;3.808,00;1.979,75;2.375,25;23.025,00;35.554,75;91,00;-;2.756,00;1.204,75;1.515,25;154,50;1.410,50
24.06.2025 12:00;24.06.2025 13:00;3.817,50;1.827,50;2.393,25;24.357,75;36.262,75;91,00;-;2.767,75;884,50;1.530,25;58,00;1.390,25
24.06.2025 13:00;24.06.2025 14:00;3.823,25;1.797,25;2.373,25;24.348,50;35.837,75;91,00;-;2.811,00;818,50;1.533,75;72,00;1.403,00
24.06.2025 14:00;24.06.2025 15:00;3.809,25;1.762,00;2.234,25;24.791,25;33.471,00;91,00;-;2.969,75;812,50;1.611,75;128,50;1.409,75
24.06.2025 15:00;24.06.2025 16:00;3.801,75;1.730,25;2.837,75;27.184,75;29.780,75;91,00;-;3.246,00;1.151,75;1.656,25;128,25;1.398,25
24.06.2025 16:00;24.06.2025 17:00;3.782,00;1.721,25;3.641,25;27.267,00;25.453,25;91,00;-;3.234,00;1.233,50;1.816,75;117,75;1.414,25
24.06.2025 17:00;24.06.2025 18:00;3.804,00;1.822,25;5.216,00;29.069,25;19.715,00;91,00;-;3.510,00;1.424,00;2.341,75;146,00;1.422,25
24.06.2025 18:00;24.06.2025 19:00;3.842,75;1.853,75;5.727,75;27.908,75;12.359,00;91,00;-;5.410,50;1.909,25;3.083,50;186,75;1.422,25
24.06.2025 19:00;24.06.2025 20:00;3.893,75;1.862,50;5.375,00;24.964,25;6.254,00;91,00;-;6.820,00;2.668,75;4.184,00;2.095,25;1.412,00
24.06.2025 20:00;24.06.2025 21:00;3.932,75;1.912,25;4.823,25;23.408,50;2.032,50;91,00;-;7.392,25;2.863,25;5.261,75;3.956,50;1.446,25
24.06.2025 21:00;24.06.2025 22:00;3.961,00;1.864,75;4.341,50;23.494,75;151,00;91,00;-;7.585,75;2.995,00;5.422,50;3.876,25;1.413,25
24.06.2025 22:00;24.06.2025 23:00;3.946,75;1.724,25;4.507,25;23.462,50;1,50;91,00;-;7.399,00;2.899,25;5.102,75;3.465,75;1.413,50
24.06.2025 23:00;25.06.2025 00:00;3.931,25;1.726,75;4.127,25;24.947,50;0,00;91,00;-;7.218,25;2.784,00;5.024,50;2.136,25;1.421,75
25.06.2025 00:00;25.06.2025 01:00;3.895,75;1.792,00;3.855,50;24.726,25;0,00;91,00;-;6.690,25;2.760,00;4.378,75;527,50;1.418,50
25.06.2025 01:00;25.06.2025 02:00;3.881,75;1.936,75;3.531,25;23.645,25;0,00;91,00;-;6.334,00;2.699,75;4.200,75;846,75;1.425,00
25.06.2025 02:00;25.06.2025 03:00;3.910,50;1.787,25;3.525,00;22.258,75;0,00;91,00;-;6.624,25;2.461,25;3.376,75;291,25;1.412,25
25.06.2025 03:00;25.06.2025 04:00;3.917,50;2.139,25;3.317,00;21.455,50;0,00;91,00;-;6.691,00;2.110,25;3.291,25;673,50;1.405,25
25.06.2025 04:00;25.06.2025 05:00;3.922,25;1.812,00;3.763,50;21.737,50;5,25;91,00;-;7.340,75;1.799,75;3.112,25;531,75;1.335,00
25.06.2025 05:00;25.06.2025 06:00;3.910,00;1.707,00;4.003,25;21.548,00;550,25;91,00;-;7.561,75;1.470,75;3.049,00;593,25;1.303,50
25.06.2025 06:00;25.06.2025 07:00;3.915,00;1.823,25;4.136,00;20.880,25;3.674,75;91,00;-;7.344,50;1.618,00;3.457,50;1.581,00;1.303,75
25.06.2025 07:00;25.06.2025 08:00;3.895,50;2.044,50;4.060,50;18.578,25;10.200,75;91,00;-;6.521,50;1.765,50;3.848,25;2.785,25;1.299,75
25.06.2025 08:00;25.06.2025 09:00;3.868,00;1.990,25;2.751,50;17.294,25;19.556,00;92,00;-;6.599,00;1.997,50;4.143,50;1.958,50;1.301,00
25.06.2025 09:00;25.06.2025 10:00;3.857,50;1.793,25;1.975,75;17.080,25;28.745,75;93,00;-;5.581,75;1.905,00;3.413,75;157,50;1.351,50
25.06.2025 10:00;25.06.2025 11:00;3.823,50;2.007,00;1.072,50;17.235,50;35.848,50;93,00;-;4.727,25;2.029,50;2.719,00;281,00;1.394,25
25.06.2025 11:00;25.06.2025 12:00;3.810,25;1.777,75;1.286,50;18.375,25;40.914,25;91,50;-;4.157,50;1.900,00;2.132,00;2,00;1.408,75
25.06.2025 12:00;25.06.2025 13:00;3.793,00;1.818,00;908,25;18.819,00;42.243,75;91,00;-;3.941,00;1.747,00;1.940,75;124,00;1.476,25
25.06.2025 13:00;25.06.2025 14:00;3.780,50;1.928,25;679,25;18.826,75;42.141,50;91,00;-;3.789,00;1.723,50;1.920,75;237,25;1.366,75
25.06.2025 14:00;25.06.2025 15:00;3.771,00;1.798,75;551,75;17.725,50;40.883,25;91,00;-;4.541,75;1.731,25;1.952,50;24,75;1.323,25
25.06.2025 15:00;25.06.2025 16:00;3.758,00;1.744,00;519,25;16.354,75;37.283,00;91,00;-;5.700,00;1.933,75;2.054,50;10,25;1.305,75
25.06.2025 16:00;25.06.2025 17:00;3.745,50;1.806,00;300,50;14.220,00;32.032,00;91,00;-;6.973,50;2.597,75;2.315,00;115,50;1.326,00
25.06.2025 17:00;25.06.2025 18:00;3.756,25;1.799,50;612,00;11.838,25;24.936,25;91,00;-;6.869,50;3.725,25;3.505,00;281,50;1.354,00
25.06.2025 18:00;25.06.2025 19:00;3.809,25;1.938,50;580,75;9.390,00;16.372,75;91,00;-;7.612,25;4.385,75;5.963,75;1.511,25;1.383,00
25.06.2025 19:00;25.06.2025 20:00;3.849,00;2.237,75;434,25;6.386,50;8.029,75;91,00;-;8.565,25;4.857,75;7.524,00;3.387,00;1.413,75
25.06.2025 20:00;25.06.2025 21:00;3.879,00;2.205,50;353,00;3.740,25;2.600,00;91,00;-;9.445,75;5.115,00;8.406,25;4.360,00;1.444,25
25.06.2025 21:00;25.06.2025 22:00;3.863,00;2.420,00;272,50;2.492,50;259,00;91,50;-;9.848,50;5.331,25;8.926,50;4.872,75;1.519,75
25.06.2025 22:00;25.06.2025 23:00;3.862,00;2.182,25;234,00;2.350,00;4,25;92,00;-;9.968,75;5.553,50;8.791,00;3.893,00;1.434,25
25.06.2025 23:00;26.06.2025 00:00;3.845,75;2.207,00;279,00;2.497,75;0,00;92,00;-;9.903,50;5.241,50;8.157,25;3.427,25;1.408,25
26.06.2025 00:00;26.06.2025 01:00;3.840,25;2.172,75;326,75;2.696,75;0,00;91,00;-;9.397,50;4.596,75;7.672,50;1.757,75;1.433,25
26.06.2025 01:00;26.06.2025 02:00;3.835,50;2.213,50;422,00;3.290,00;0,00;93,00;-;9.378,25;4.331,00;7.587,25;924,25;1.366,25
26.06.2025 02:00;26.06.2025 03:00;3.841,25;1.714,75;693,75;4.541,25;0,00;93,00;-;9.443,00;4.029,00;6.755,00;263,50;1.350,75
26.06.2025 03:00;26.06.2025 04:00;3.861,50;1.800,00;707,25;7.368,50;0,00;93,00;-;9.430,50;3.963,25;5.442,50;254,75;1.372,00
26.06.2025 04:00;26.06.2025 05:00;3.867,00;1.789,25;777,25;7.842,25;11,25;93,00;-;9.346,25;3.894,00;5.349,50;391,00;1.377,25
26.06.2025 05:00;26.06.2025 06:00;3.866,25;1.941,25;852,50;8.477,75;702,00;93,00;-;9.362,50;4.205,00;5.483,00;565,25;1.359,00
26.06.2025 06:00;26.06.2025 07:00;3.880,50;2.187,75;1.066,75;8.558,75;3.548,00;91,50;-;9.316,00;4.313,00;5.661,50;1.712,25;1.341,25
26.06.2025 07:00;26.06.2025 08:00;3.873,25;2.298,50;1.414,75;7.452,25;8.773,00;91,00;-;9.310,00;4.313,75;5.672,75;2.831,00;1.347,00
26.06.2025 08:00;26.06.2025 09:00;3.852,00;2.244,75;1.959,00;6.560,50;15.656,00;91,00;-;9.312,00;4.304,00;5.517,75;1.413,50;1.344,50
26.06.2025 09:00;26.06.2025 10:00;3.830,50;2.140,00;1.618,25;7.405,00;22.583,75;91,00;-;8.783,75;3.870,00;3.771,75;572,25;1.340,25
26.06.2025 10:00;26.06.2025 11:00;3.781,25;2.219,25;940,25;8.667,75;27.141,50;91,00;-;7.627,00;2.645,75;3.093,00;900,50;1.326,25
26.06.2025 11:00;26.06.2025 12:00;3.762,50;2.124,00;682,00;9.957,75;31.028,00;91,00;-;7.175,00;1.679,25;2.634,75;286,00;1.285,50
26.06.2025 12:00;26.06.2025 13:00;3.712,25;1.869,50;462,00;10.794,25;34.343,25;91,00;-;5.429,25;1.335,25;2.322,25;29,50;1.313,75
26.06.2025 13:00;26.06.2025 14:00;3.704,50;1.942,75;520,00;11.779,75;34.203,50;91,00;-;4.367,50;1.234,75;2.253,00;5,50;1.288,25
26.06.2025 14:00;26.06.2025 15:00;3.774,00;1.926,50;770,50;14.464,50;31.804,00;91,00;-;4.810,75;1.172,25;2.033,00;5,50;1.242,00
26.06.2025 15:00;26.06.2025 16:00;3.800,00;1.948,75;1.430,00;18.460,50;27.323,00;91,00;-;4.265,50;1.315,75;1.830,25;15,25;1.244,00
26.06.2025 16:00;26.06.2025 17:00;3.770,50;1.909,25;1.638,00;21.537,25;21.361,25;91,00;-;4.677,75;1.312,50;1.776,00;19,75;1.227,50
26.06.2025 17:00;26.06.2025 18:00;3.686,50;1.813,00;2.852,50;23.391,00;16.070,50;91,00;-;5.671,75;1.241,25;1.920,25;23,00;1.270,00
26.06.2025 18:00;26.06.2025 19:00;3.750,75;2.011,75;4.083,25;26.056,75;9.906,00;91,00;-;6.833,50;1.616,25;2.256,25;294,25;1.328,00
26.06.2025 19:00;26.06.2025 20:00;3.810,75;1.980,00;4.446,00;25.647,25;5.496,75;91,00;-;6.910,50;2.069,75;2.636,75;936,50;1.335,25
26.06.2025 20:00;26.06.2025 21:00;3.839,75;2.035,25;4.921,50;24.218,00;2.040,75;91,00;-;7.412,75;2.428,50;2.814,25;2.288,50;1.324,50
26.06.2025 21:00;26.06.2025 22:00;3.858,75;2.041,75;5.501,00;22.930,50;166,75;94,00;-;7.639,50;2.834,75;2.771,25;2.229,75;1.314,00
26.06.2025 22:00;26.06.2025 23:00;3.858,75;2.090,00;5.684,00;22.574,50;1,25;95,00;-;7.894,50;2.559,00;2.915,50;2.493,25;1.344,75
26.06.2025 23:00;27.06.2025 00:00;3.841,00;2.119,75;5.697,25;22.384,75;0,00;95,00;-;7.367,25;2.054,00;3.122,75;1.072,50;1.338,00
27.06.2025 00:00;27.06.2025 01:00;3.815,50;2.174,25;6.385,00;22.003,25;0,00;91,00;-;8.224,25;1.756,75;3.586,25;491,75;1.448,50
27.06.2025 01:00;27.06.2025 02:00;3.810,00;2.026,00;5.976,25;21.986,25;0,00;94,00;-;8.513,00;1.467,50;3.455,00;103,00;1.387,25
27.06.2025 02:00;27.06.2025 03:00;3.822,00;2.001,50;5.532,00;21.939,25;0,00;94,00;-;8.585,00;1.404,75;3.212,00;25,00;1.408,25
27.06.2025 03:00;27.06.2025 04:00;3.857,75;1.981,50;5.248,00;20.989,50;0,00;94,00;-;8.806,00;1.397,75;3.324,25;9,50;1.432,75
27.06.2025 04:00;27.06.2025 05:00;3.863,50;2.018,75;5.334,00;20.203,25;6,00;94,00;-;8.724,50;1.506,50;3.322,50;58,50;1.412,00
27.06.2025 05:00;27.06.2025 06:00;3.848,50;2.058,75;5.021,50;19.741,50;535,75;94,00;-;8.837,50;2.058,75;3.372,50;174,25;1.392,25
27.06.2025 06:00;27.06.2025 07:00;3.871,50;2.032,00;4.526,75;19.234,50;3.245,75;94,00;-;8.224,00;2.916,00;4.127,75;1.202,50;1.396,75
27.06.2025 07:00;27.06.2025 08:00;3.887,75;2.135,50;3.498,00;19.651,00;7.706,00;94,00;-;7.966,50;3.587,75;4.900,00;2.192,25;1.375,75
27.06.2025 08:00;27.06.2025 09:00;3.882,50;2.113,00;2.664,00;20.130,25;12.811,00;93,25;-;7.530,25;4.008,25;5.103,50;1.874,25;1.404,50
27.06.2025 09:00;27.06.2025 10:00;3.836,75;2.051,00;3.239,25;19.887,75;17.564,50;91,00;-;7.192,75;3.946,75;4.461,00;731,25;1.393,75
27.06.2025 10:00;27.06.2025 11:00;3.812,75;2.113,25;2.695,75;19.332,25;20.724,50;91,00;-;6.418,75;3.613,00;3.950,25;162,75;1.415,75
27.06.2025 11:00;27.06.2025 12:00;3.834,50;2.116,00;3.013,50;18.736,25;21.927,75;91,00;-;6.518,75;2.972,00;3.471,50;48,50;1.424,25
27.06.2025 12:00;27.06.2025 13:00;3.843,25;2.041,25;2.675,50;18.498,00;21.853,50;92,00;-;6.278,75;2.623,50;3.064,75;189,00;1.417,00
27.06.2025 13:00;27.06.2025 14:00;3.870,25;2.003,25;2.636,50;16.839,00;23.640,75;93,00;-;5.949,00;2.343,75;2.536,75;192,75;1.436,75
27.06.2025 14:00;27.06.2025 15:00;3.884,00;2.089,75;2.779,50;14.369,00;24.689,50;93,00;-;6.119,50;2.444,25;2.384,25;219,00;1.396,75
27.06.2025 15:00;27.06.2025 16:00;3.880,50;2.022,25;3.402,50;14.417,25;24.382,50;93,00;-;6.277,75;2.077,50;2.331,00;65,75;1.395,25
27.06.2025 16:00;27.06.2025 17:00;3.843,25;1.970,75;3.471,00;14.055,25;21.732,25;93,00;-;5.597,25;1.738,25;2.205,50;6,25;1.408,00
27.06.2025 17:00;27.06.2025 18:00;3.814,50;2.054,00;3.620,00;13.617,00;16.738,25;93,00;-;5.865,25;1.797,25;2.429,25;171,00;1.432,50
27.06.2025 18:00;27.06.2025 19:00;3.827,50;1.900,00;3.806,00;12.300,50;11.429,25;93,00;-;7.718,25;2.158,75;3.026,50;932,50;1.439,25
27.06.2025 19:00;27.06.2025 20:00;3.854,25;2.069,50;3.828,00;9.566,00;6.198,50;93,00;-;8.279,00;2.784,50;3.790,50;1.872,75;1.432,75
27.06.2025 20:00;27.06.2025 21:00;3.891,00;2.132,25;4.291,00;6.754,50;2.230,50;93,00;-;8.386,25;2.962,00;3.962,50;3.084,25;1.449,50
27.06.2025 21:00;27.06.2025 22:00;3.908,00;2.038,75;4.196,50;5.221,25;239,50;93,00;-;8.429,00;2.681,50;4.057,00;3.676,25;1.438,25
27.06.2025 22:00;27.06.2025 23:00;3.922,00;1.879,25;4.409,75;5.714,00;4,25;93,00;-;8.388,25;2.457,25;4.058,50;3.628,25;1.425,25
27.06.2025 23:00;28.06.2025 00:00;3.915,00;1.863,25;4.860,75;8.517,25;0,00;93,00;-;7.996,00;2.160,25;3.960,00;2.682,75;1.432,50
28.06.2025 00:00;28.06.2025 01:00;3.899,00;1.828,25;5.624,50;10.361,75;0,00;92,00;-;7.158,00;1.778,75;3.501,50;1.483,00;1.497,25
28.06.2025 01:00;28.06.2025 02:00;3.850,75;1.787,25;6.218,75;11.098,50;0,00;95,00;-;6.251,50;1.294,25;3.529,75;1.262,75;1.457,50
28.06.2025 02:00;28.06.2025 03:00;3.814,75;1.769,25;6.594,00;12.002,00;0,00;95,00;-;5.769,25;1.202,25;3.333,50;742,25;1.471,25
28.06.2025 03:00;28.06.2025 04:00;3.817,75;1.710,50;6.386,25;13.120,25;0,00;95,00;-;5.424,25;1.103,00;3.020,75;378,75;1.471,00
28.06.2025 04:00;28.06.2025 05:00;3.813,00;1.706,50;5.769,25;13.809,25;3,75;95,00;-;4.917,25;1.395,75;2.965,25;284,75;1.463,25
28.06.2025 05:00;28.06.2025 06:00;3.798,25;1.662,00;5.336,00;14.131,75;616,25;95,00;-;4.005,00;1.425,75;2.841,75;991,25;1.461,00
28.06.2025 06:00;28.06.2025 07:00;3.831,25;1.778,25;5.362,75;13.120,25;3.915,25;95,00;-;3.674,00;1.368,75;2.798,00;856,75;1.456,25
28.06.2025 07:00;28.06.2025 08:00;3.825,25;1.712,00;5.415,25;11.175,75;11.036,50;95,00;-;3.566,75;1.358,00;2.221,75;397,00;1.454,50
28.06.2025 08:00;28.06.2025 09:00;3.797,75;1.724,00;5.258,00;10.263,50;20.752,50;95,00;-;3.019,00;804,75;1.716,50;71,25;1.449,25
28.06.2025 09:00;28.06.2025 10:00;3.779,00;1.706,00;4.776,00;10.965,25;29.594,00;95,00;-;2.853,75;386,75;1.624,50;107,75;1.449,00
28.06.2025 10:00;28.06.2025 11:00;3.754,50;1.669,00;4.267,75;11.138,25;36.206,00;95,00;-;2.811,25;416,25;1.626,75;20,00;1.396,50
28.06.2025 11:00;28.06.2025 12:00;3.745,25;1.625,00;2.166,50;10.891,00;38.804,75;95,00;-;2.799,25;425,00;1.628,00;23,75;1.393,00
28.06.2025 12:00;28.06.2025 13:00;3.731,25;1.624,75;2.013,00;11.662,50;39.388,25;95,00;-;2.650,75;424,75;1.597,50;3,25;1.394,25
28.06.2025 13:00;28.06.2025 14:00;3.752,00;1.622,00;1.745,25;11.802,75;38.604,75;95,00;-;2.646,25;430,25;1.587,00;11,00;1.389,00
28.06.2025 14:00;28.06.2025 15:00;3.740,00;1.597,25;1.922,25;11.694,00;36.614,00;95,00;-;2.650,00;429,25;1.566,25;0,50;1.360,00
28.06.2025 15:00;28.06.2025 16:00;3.713,00;1.583,00;1.925,25;12.565,50;33.498,50;95,00;-;2.704,50;412,50;1.558,50;1,50;1.289,00
28.06.2025 16:00;28.06.2025 17:00;3.711,25;1.603,50;2.204,50;13.263,50;28.389,75;95,00;-;2.686,50;384,00;1.640,00;8,50;1.313,50
28.06.2025 17:00;28.06.2025 18:00;3.692,75;1.660,75;5.381,00;14.505,00;23.133,00;95,00;-;2.726,75;414,00;1.913,75;150,00;1.376,75
28.06.2025 18:00;28.06.2025 19:00;3.719,50;1.657,00;6.620,00;15.155,00;15.070,50;95,00;-;2.991,50;702,25;2.362,00;221,75;1.387,00
28.06.2025 19:00;28.06.2025 20:00;3.773,00;1.693,75;6.577,25;13.834,25;7.059,25;95,00;-;4.244,75;902,50;3.426,00;1.996,50;1.429,25
28.06.2025 20:00;28.06.2025 21:00;3.806,50;1.728,50;6.291,75;11.708,75;2.304,00;95,00;-;4.866,00;1.071,75;3.986,25;3.885,00;1.442,75
28.06.2025 21:00;28.06.2025 22:00;3.833,00;1.687,25;5.966,00;10.544,25;211,00;95,00;-;5.248,25;1.095,50;4.054,25;4.140,50;1.446,00
28.06.2025 22:00;28.06.2025 23:00;3.838,00;1.661,00;6.126,25;9.567,50;1,25;95,00;-;5.374,75;966,25;4.081,75;4.101,00;1.449,75
28.06.2025 23:00;29.06.2025 00:00;3.825,25;1.643,50;5.989,50;9.979,00;0,00;95,00;-;5.425,50;762,00;3.767,25;3.333,00;1.458,00
29.06.2025 00:00;29.06.2025 01:00;3.827,50;1.609,25;6.549,75;10.313,25;0,00;94,00;-;5.341,50;426,75;3.724,75;2.344,50;1.494,50
29.06.2025 01:00;29.06.2025 02:00;3.821,50;1.599,00;5.917,75;10.975,00;0,00;94,00;-;5.260,50;394,75;3.479,25;1.115,00;1.474,00
29.06.2025 02:00;29.06.2025 03:00;3.830,75;1.592,75;6.116,25;11.511,50;0,00;94,00;-;5.167,00;401,50;3.184,00;373,75;1.486,25
29.06.2025 03:00;29.06.2025 04:00;3.810,50;1.598,75;5.304,00;11.751,25;0,00;94,00;-;4.857,50;401,00;2.944,00;297,00;1.490,25
29.06.2025 04:00;29.06.2025 05:00;3.798,00;1.609,00;4.634,50;11.496,00;4,75;94,00;-;4.870,00;398,50;3.060,50;290,00;1.479,50
29.06.2025 05:00;29.06.2025 06:00;3.808,50;1.483,75;4.259,00;10.951,00;564,25;94,00;-;4.845,00;398,75;2.584,25;470,25;1.471,00
29.06.2025 06:00;29.06.2025 07:00;3.843,75;1.418,75;3.494,25;9.085,75;3.651,00;94,00;-;4.029,75;395,75;2.529,50;331,75;1.467,75
29.06.2025 07:00;29.06.2025 08:00;3.843,50;1.444,00;2.722,75;6.653,50;10.727,75;94,00;-;3.676,75;406,75;2.375,75;421,25;1.473,50
29.06.2025 08:00;29.06.2025 09:00;3.798,25;1.456,25;2.362,50;6.469,50;20.540,50;94,00;-;3.172,50;424,00;1.772,50;124,25;1.419,25
29.06.2025 09:00;29.06.2025 10:00;3.725,50;1.476,50;1.110,00;6.905,50;29.292,00;94,00;-;3.251,00;409,75;1.653,25;44,50;1.388,25
29.06.2025 10:00;29.06.2025 11:00;3.715,25;1.421,75;1.178,25;6.626,50;36.092,75;94,00;-;2.994,75;399,25;1.500,00;25,00;1.302,25
29.06.2025 11:00;29.06.2025 12:00;3.739,25;1.418,25;84,00;7.692,25;39.119,00;91,00;-;2.824,00;401,25;1.554,25;150,25;1.278,25
29.06.2025 12:00;29.06.2025 13:00;3.748,50;1.417,75;385,00;8.541,00;39.840,50;91,00;-;2.801,50;415,50;1.477,00;0,75;1.272,75
29.06.2025 13:00;29.06.2025 14:00;3.753,00;1.517,50;359,75;9.722,00;39.981,25;94,00;-;2.790,00;397,75;1.483,50;35,75;1.273,00
29.06.2025 14:00;29.06.2025 15:00;3.736,50;1.482,75;371,75;10.824,00;38.703,75;94,00;-;2.785,00;417,00;1.500,50;27,75;1.257,00
29.06.2025 15:00;29.06.2025 16:00;3.693,75;1.457,75;981,25;11.770,50;35.954,25;94,00;-;2.798,00;398,50;1.486,50;4,25;1.267,50
29.06.2025 16:00;29.06.2025 17:00;3.694,75;1.517,50;1.030,50;11.865,25;31.488,00;94,00;-;2.777,25;661,50;1.517,00;65,75;1.326,50
29.06.2025 17:00;29.06.2025 18:00;3.693,75;1.525,75;2.229,25;13.436,75;26.257,25;94,00;-;2.837,75;841,25;1.678,25;147,00;1.443,00
29.06.2025 18:00;29.06.2025 19:00;3.778,00;1.663,50;2.093,00;16.299,25;17.727,75;94,00;-;4.340,25;1.318,25;2.271,00;276,00;1.450,50
29.06.2025 19:00;29.06.2025 20:00;3.826,75;1.829,00;1.939,00;15.513,75;8.285,00;94,00;-;6.663,50;1.994,25;3.370,75;1.283,50;1.468,75
29.06.2025 20:00;29.06.2025 21:00;3.866,50;1.817,00;1.857,25;13.090,00;2.776,00;94,00;-;8.293,00;2.714,00;4.144,50;3.460,50;1.469,75
29.06.2025 21:00;29.06.2025 22:00;3.879,50;1.789,75;1.774,00;11.981,50;304,50;94,00;-;8.767,00;2.948,50;4.458,00;3.900,75;1.468,00
29.06.2025 22:00;29.06.2025 23:00;3.900,25;1.724,50;1.839,75;11.935,25;4,00;94,00;-;8.869,75;2.991,00;4.643,00;3.643,75;1.464,75
29.06.2025 23:00;30.06.2025 00:00;3.902,00;1.665,75;1.789,00;11.805,25;0,00;94,00;-;8.968,50;2.452,25;4.608,50;1.155,00;1.461,75
30.06.2025 00:00;30.06.2025 01:00;3.887,00;1.673,75;1.783,00;10.835,00;0,00;94,00;-;8.993,00;2.226,00;4.472,75;777,00;1.495,00
30.06.2025 01:00;30.06.2025 02:00;3.869,25;1.486,25;1.790,25;9.774,25;0,00;94,00;-;8.705,75;1.958,75;4.335,75;143,25;1.466,50
30.06.2025 02:00;30.06.2025 03:00;3.871,25;1.519,25;1.674,25;8.728,50;0,00;95,50;-;8.585,00;1.795,25;4.148,75;238,50;1.435,50
30.06.2025 03:00;30.06.2025 04:00;3.874,00;1.471,25;1.483,50;8.117,50;0,00;96,00;-;8.585,25;1.700,75;4.188,50;146,00;1.370,75
30.06.2025 04:00;30.06.2025 05:00;3.863,75;1.547,25;1.376,75;7.966,00;6,75;96,00;-;8.654,00;1.920,00;4.319,50;211,75;1.335,25
30.06.2025 05:00;30.06.2025 06:00;3.852,75;1.624,50;1.334,00;7.340,25;667,75;96,00;-;8.945,50;2.226,25;4.365,75;356,00;1.294,00
30.06.2025 06:00;30.06.2025 07:00;3.859,25;1.642,75;1.293,50;5.983,75;4.144,00;96,00;-;8.864,00;2.650,50;4.483,75;2.310,00;1.281,50
30.06.2025 07:00;30.06.2025 08:00;3.864,00;1.713,00;1.164,75;3.692,50;12.141,00;95,25;-;8.609,75;2.854,00;4.486,50;3.304,25;1.273,75
30.06.2025 08:00;30.06.2025 09:00;3.853,00;1.717,25;1.072,50;2.425,25;23.206,50;93,00;-;8.151,75;2.892,25;4.332,00;1.588,25;1.304,25
30.06.2025 09:00;30.06.2025 10:00;3.856,75;1.712,25;856,75;1.763,75;33.659,75;93,00;-;7.240,75;2.237,75;3.805,00;510,50;1.341,25
30.06.2025 10:00;30.06.2025 11:00;3.846,75;1.785,75;428,00;1.494,25;41.126,00;93,00;-;6.370,25;2.025,25;2.949,50;327,50;1.365,00
30.06.2025 11:00;30.06.2025 12:00;3.840,25;1.722,00;156,00;1.453,75;46.330,50;92,00;-;6.114,75;2.106,50;2.318,25;62,25;1.426,00
30.06.2025 12:00;30.06.2025 13:00;3.827,75;1.604,00;170,50;1.472,75;49.440,25;91,00;-;5.728,00;1.881,25;2.289,50;205,00;1.399,75
30.06.2025 13:00;30.06.2025 14:00;3.824,75;1.587,50;59,00;1.528,75;50.187,00;91,00;-;5.669,50;1.972,00;2.306,25;195,50;1.329,00
30.06.2025 14:00;30.06.2025 15:00;3.788,00;1.594,75;94,75;1.577,75;48.182,25;91,00;-;5.771,25;2.331,00;2.401,50;227,00;1.219,75
30.06.2025 15:00;30.06.2025 16:00;3.756,50;1.587,25;541,25;1.605,75;44.160,25;91,50;-;5.731,00;2.113,75;2.505,50;297,00;1.205,50
30.06.2025 16:00;30.06.2025 17:00;3.720,50;1.599,50;412,25;1.614,25;37.982,00;93,00;-;6.674,50;2.467,25;3.285,50;215,00;1.209,25
30.06.2025 17:00;30.06.2025 18:00;3.723,00;1.646,75;749,75;1.578,75;29.249,50;93,00;-;8.275,00;3.276,00;5.123,00;276,75;1.196,00
30.06.2025 18:00;30.06.2025 19:00;3.805,00;1.978,00;847,75;1.664,00;18.489,25;93,00;-;9.449,00;4.029,75;8.056,25;2.117,00;1.207,75
30.06.2025 19:00;30.06.2025 20:00;3.856,75;2.300,75;971,00;2.131,50;8.459,50;93,00;-;9.718,50;4.195,50;9.396,00;4.451,25;1.312,75
30.06.2025 20:00;30.06.2025 21:00;3.888,00;2.317,50;1.107,00;3.113,75;2.803,00;93,00;-;9.782,75;4.331,75;9.818,75;5.401,50;1.429,75
30.06.2025 21:00;30.06.2025 22:00;3.893,00;2.176,00;1.330,25;5.244,50;303,75;93,00;-;9.784,75;4.337,25;9.961,75;4.857,75;1.458,00
30.06.2025 22:00;30.06.2025 23:00;3.900,25;2.098,50;1.616,75;7.460,50;0,25;93,00;-;9.789,50;4.350,50;9.778,75;3.877,25;1.437,75
30.06.2025 23:00;01.07.2025 00:00;3.882,75;2.044,50;2.001,25;9.855,25;0,00;93,00;-;9.767,75;4.212,25;9.069,25;2.215,00;1.314,50
01.07.2025 00:00;01.07.2025 01:00;3.847,25;1.841,75;2.335,00;11.578,25;0,00;96,00;-;9.044,00;4.497,50;7.977,25;481,00;1.266,25
01.07.2025 01:00;01.07.2025 02:00;3.828,50;1.761,25;2.543,75;11.708,75;0,00;96,00;-;7.992,50;4.572,25;7.382,00;290,00;1.249,75
01.07.2025 02:00;01.07.2025 03:00;3.840,75;1.907,75;2.781,50;11.717,25;0,00;96,00;-;8.013,50;4.394,50;7.257,00;235,25;1.316,50
01.07.2025 03:00;01.07.2025 04:00;3.820,00;1.876,50;3.178,75;11.412,75;0,00;96,00;-;8.031,50;3.729,25;6.966,50;484,75;1.391,50
01.07.2025 04:00;01.07.2025 05:00;3.807,25;1.796,25;3.379,00;11.098,75;5,50;96,00;-;8.025,25;3.633,25;7.338,50;429,75;1.362,25
01.07.2025 05:00;01.07.2025 06:00;3.796,25;1.784,00;3.039,00;10.389,25;616,25;100,00;-;8.491,75;3.802,25;7.768,00;323,50;1.344,25
01.07.2025 06:00;01.07.2025 07:00;3.810,25;1.967,75;2.793,25;8.852,25;4.011,50;100,00;-;8.717,50;4.079,75;7.958,00;775,00;1.239,50
01.07.2025 07:00;01.07.2025 08:00;3.813,25;2.224,25;1.918,25;5.702,50;11.947,50;97,00;-;8.821,75;4.277,00;8.226,00;1.010,75;1.201,50
01.07.2025 08:00;01.07.2025 09:00;3.762,50;2.072,50;1.401,75;2.181,00;23.216,50;96,00;-;8.778,50;4.119,50;7.832,50;685,25;1.178,25
01.07.2025 09:00;01.07.2025 10:00;3.736,25;1.901,25;992,25;961,50;33.633,25;96,00;-;7.961,50;3.445,00;4.708,75;65,75;1.195,00
01.07.2025 10:00;01.07.2025 11:00;3.716,75;1.779,00;570,75;690,50;41.271,00;96,00;-;7.099,25;2.576,25;3.765,00;48,00;1.404,75
01.07.2025 11:00;01.07.2025 12:00;3.743,75;1.802,50;225,75;694,75;46.462,75;96,00;-;6.467,75;2.469,50;3.082,00;14,75;1.399,25
01.07.2025 12:00;01.07.2025 13:00;3.754,50;1.840,25;96,25;603,00;48.579,25;96,00;-;6.470,75;2.298,25;2.923,00;33,25;1.392,50
01.07.2025 13:00;01.07.2025 14:00;-;-;-;-;-;-;-;-;-;-;-;-
01.07.2025 14:00;01.07.2025 15:00;-;-;-;-;-;-;-;-;-;-;-;-
01.07.2025 15:00;01.07.2025 16:00;-;-;-;-;-;-;-;-;-;-;-;-
01.07.2025 16:00;01.07.2025 17:00;-;-;-;-;-;-;-;-;-;-;-;-
01.07.2025 17:00;01.07.2025 18:00;-;-;-;-;-;-;-;-;-;-;-;-
01.07.2025 18:00;01.07.2025 19:00;-;-;-;-;-;-;-;-;-;-;-;-
01.07.2025 19:00;01.07.2025 20:00;-;-;-;-;-;-;-;-;-;-;-;-
01.07.2025 20:00;01.07.2025 21:00;-;-;-;-;-;-;-;-;-;-;-;-
01.07.2025 21:00;01.07.2025 22:00;-;-;-;-;-;-;-;-;-;-;-;-
01.07.2025 22:00;01.07.2025 23:00;-;-;-;-;-;-;-;-;-;-;-;-
01.07.2025 23:00;02.07.2025 00:00;-;-;-;-;-;-;-;-;-;-;-;-
